n_N,n_P,c_FN,c_FP,scen,th_opt
1500,300,3,3,11,62
300,1500,3,3,12,38
750,250,9,2,15,43
200,100,1,1,2,59
100,200,1,2,9,54
100,200,5,1,8,18
300,300,1,6,14,73
250,750,9,2,17,24
100,200,1,1,3,41
300,300,6,1,13,27
100,100,9,1,4,6
250,750,2,9,18,57
100,100,1,1,1,50
750,250,2,9,16,76
250,250,5,5,10,50
200,100,1,5,7,82
200,100,2,1,6,46
100,100,1,9,5,94
